forecast_year,emissions_tCO2MWh
2025,0.472478
2026,0.426329
2027,0.423271
2028,0.416561
2029,0.380679
2030,0.208909
2031,0.196431
2032,0.167439
2033,0.167501
2034,0.16239
2035,0.161909
2036,0.162409
2037,0.171525
2038,0.172145
2039,0.177977
2040,0.168784
2041,0.186795
2042,0.191982
2043,0.211132
2044,0.215095
2045,0.221097
,
,
,
,
,
,
,